collection_run_id,route,origin,destination,travel_date,lead_days,search_timestamp,requested,started,completed,results_count,valid_observations,sold_out_count,captcha_count,blocked_count,parser_error_count,terminal_state
65e1d561-b2ad-4112-89c3-3fc7faf1d64b,DEL-BOM,DEL,BOM,2026-09-27,1,2026-09-27T00:36:32.975438,True,False,False,0,0,0,0,0,0,DRY_RUN
65e1d561-b2ad-4112-89c3-3fc7faf1d64b,DEL-BOM,DEL,BOM,2026-10-03,7,2026-09-27T00:36:32.975500,True,False,False,0,0,0,0,0,0,DRY_RUN
65e1d561-b2ad-4112-89c3-3fc7faf1d64b,DEL-BOM,DEL,BOM,2026-10-11,15,2026-09-27T00:36:32.975542,True,False,False,0,0,0,0,0,0,DRY_RUN
65e1d561-b2ad-4112-89c3-3fc7faf1d64b,DEL-BOM,DEL,BOM,2026-10-17,21,2026-09-27T00:36:32.975583,True,False,False,0,0,0,0,0,0,DRY_RUN
65e1d561-b2ad-4112-89c3-3fc7faf1d64b,DEL-BOM,DEL,BOM,2026-10-26,30,2026-09-27T00:36:32.975621,True,False,False,0,0,0,0,0,0,DRY_RUN
65e1d561-b2ad-4112-89c3-3fc7faf1d64b,DEL-BOM,DEL,BOM,2026-11-10,45,2026-09-27T00:36:32.975657,True,False,False,0,0,0,0,0,0,DRY_RUN
65e1d561-b2ad-4112-89c3-3fc7faf1d64b,DEL-BLR,DEL,BLR,2026-09-27,1,2026-09-27T00:36:32.975693,True,False,False,0,0,0,0,0,0,DRY_RUN
65e1d561-b2ad-4112-89c3-3fc7faf1d64b,DEL-BLR,DEL,BLR,2026-10-03,7,2026-09-27T00:36:32.975729,True,False,False,0,0,0,0,0,0,DRY_RUN
65e1d561-b2ad-4112-89c3-3fc7faf1d64b,DEL-BLR,DEL,BLR,2026-10-11,15,2026-09-27T00:36:32.975764,True,False,False,0,0,0,0,0,0,DRY_RUN
65e1d561-b2ad-4112-89c3-3fc7faf1d64b,DEL-BLR,DEL,BLR,2026-10-17,21,2026-09-27T00:36:32.975799,True,False,False,0,0,0,0,0,0,DRY_RUN
65e1d561-b2ad-4112-89c3-3fc7faf1d64b,DEL-BLR,DEL,BLR,2026-10-26,30,2026-09-27T00:36:32.975849,True,False,False,0,0,0,0,0,0,DRY_RUN
65e1d561-b2ad-4112-89c3-3fc7faf1d64b,DEL-BLR,DEL,BLR,2026-11-10,45,2026-09-27T00:36:32.975886,True,False,False,0,0,0,0,0,0,DRY_RUN
65e1d561-b2ad-4112-89c3-3fc7faf1d64b,BOM-BLR,BOM,BLR,2026-09-27,1,2026-09-27T00:36:32.975921,True,False,False,0,0,0,0,0,0,DRY_RUN
65e1d561-b2ad-4112-89c3-3fc7faf1d64b,BOM-BLR,BOM,BLR,2026-10-03,7,2026-09-27T00:36:32.975958,True,False,False,0,0,0,0,0,0,DRY_RUN
65e1d561-b2ad-4112-89c3-3fc7faf1d64b,BOM-BLR,BOM,BLR,2026-10-11,15,2026-09-27T00:36:32.976003,True,False,False,0,0,0,0,0,0,DRY_RUN
65e1d561-b2ad-4112-89c3-3fc7faf1d64b,BOM-BLR,BOM,BLR,2026-10-17,21,2026-09-27T00:36:32.976036,True,False,False,0,0,0,0,0,0,DRY_RUN
65e1d561-b2ad-4112-89c3-3fc7faf1d64b,BOM-BLR,BOM,BLR,2026-10-26,30,2026-09-27T00:36:32.976068,True,False,False,0,0,0,0,0,0,DRY_RUN
65e1d561-b2ad-4112-89c3-3fc7faf1d64b,BOM-BLR,BOM,BLR,2026-11-10,45,2026-09-27T00:36:32.976103,True,False,False,0,0,0,0,0,0,DRY_RUN
65e1d561-b2ad-4112-89c3-3fc7faf1d64b,DEL-CCU,DEL,CCU,2026-09-27,1,2026-09-27T00:36:32.976136,True,False,False,0,0,0,0,0,0,DRY_RUN
65e1d561-b2ad-4112-89c3-3fc7faf1d64b,DEL-CCU,DEL,CCU,2026-10-03,7,2026-09-27T00:36:32.976171,True,False,False,0,0,0,0,0,0,DRY_RUN
65e1d561-b2ad-4112-89c3-3fc7faf1d64b,DEL-CCU,DEL,CCU,2026-10-11,15,2026-09-27T00:36:32.976210,True,False,False,0,0,0,0,0,0,DRY_RUN
65e1d561-b2ad-4112-89c3-3fc7faf1d64b,DEL-CCU,DEL,CCU,2026-10-17,21,2026-09-27T00:36:32.976244,True,False,False,0,0,0,0,0,0,DRY_RUN
65e1d561-b2ad-4112-89c3-3fc7faf1d64b,DEL-CCU,DEL,CCU,2026-10-26,30,2026-09-27T00:36:32.976279,True,False,False,0,0,0,0,0,0,DRY_RUN
65e1d561-b2ad-4112-89c3-3fc7faf1d64b,DEL-CCU,DEL,CCU,2026-11-10,45,2026-09-27T00:36:32.976313,True,False,False,0,0,0,0,0,0,DRY_RUN
65e1d561-b2ad-4112-89c3-3fc7faf1d64b,BLR-HYD,BLR,HYD,2026-09-27,1,2026-09-27T00:36:32.976345,True,False,False,0,0,0,0,0,0,DRY_RUN
65e1d561-b2ad-4112-89c3-3fc7faf1d64b,BLR-HYD,BLR,HYD,2026-10-03,7,2026-09-27T00:36:32.976379,True,False,False,0,0,0,0,0,0,DRY_RUN
65e1d561-b2ad-4112-89c3-3fc7faf1d64b,BLR-HYD,BLR,HYD,2026-10-11,15,2026-09-27T00:36:32.976412,True,False,False,0,0,0,0,0,0,DRY_RUN
65e1d561-b2ad-4112-89c3-3fc7faf1d64b,BLR-HYD,BLR,HYD,2026-10-17,21,2026-09-27T00:36:32.976446,True,False,False,0,0,0,0,0,0,DRY_RUN
65e1d561-b2ad-4112-89c3-3fc7faf1d64b,BLR-HYD,BLR,HYD,2026-10-26,30,2026-09-27T00:36:32.976479,True,False,False,0,0,0,0,0,0,DRY_RUN
65e1d561-b2ad-4112-89c3-3fc7faf1d64b,BLR-HYD,BLR,HYD,2026-11-10,45,2026-09-27T00:36:32.976510,True,False,False,0,0,0,0,0,0,DRY_RUN
65e1d561-b2ad-4112-89c3-3fc7faf1d64b,DEL-HYD,DEL,HYD,2026-09-27,1,2026-09-27T00:36:32.976542,True,False,False,0,0,0,0,0,0,DRY_RUN
65e1d561-b2ad-4112-89c3-3fc7faf1d64b,DEL-HYD,DEL,HYD,2026-10-03,7,2026-09-27T00:36:32.976592,True,False,False,0,0,0,0,0,0,DRY_RUN
65e1d561-b2ad-4112-89c3-3fc7faf1d64b,DEL-HYD,DEL,HYD,2026-10-11,15,2026-09-27T00:36:32.976623,True,False,False,0,0,0,0,0,0,DRY_RUN
65e1d561-b2ad-4112-89c3-3fc7faf1d64b,DEL-HYD,DEL,HYD,2026-10-17,21,2026-09-27T00:36:32.976654,True,False,False,0,0,0,0,0,0,DRY_RUN
65e1d561-b2ad-4112-89c3-3fc7faf1d64b,DEL-HYD,DEL,HYD,2026-10-26,30,2026-09-27T00:36:32.976685,True,False,False,0,0,0,0,0,0,DRY_RUN
65e1d561-b2ad-4112-89c3-3fc7faf1d64b,DEL-HYD,DEL,HYD,2026-11-10,45,2026-09-27T00:36:32.976715,True,False,False,0,0,0,0,0,0,DRY_RUN
65e1d561-b2ad-4112-89c3-3fc7faf1d64b,BOM-GOI,BOM,GOI,2026-09-27,1,2026-09-27T00:36:32.976751,True,False,False,0,0,0,0,0,0,DRY_RUN
65e1d561-b2ad-4112-89c3-3fc7faf1d64b,BOM-GOI,BOM,GOI,2026-10-03,7,2026-09-27T00:36:32.976781,True,False,False,0,0,0,0,0,0,DRY_RUN
65e1d561-b2ad-4112-89c3-3fc7faf1d64b,BOM-GOI,BOM,GOI,2026-10-11,15,2026-09-27T00:36:32.976813,True,False,False,0,0,0,0,0,0,DRY_RUN
65e1d561-b2ad-4112-89c3-3fc7faf1d64b,BOM-GOI,BOM,GOI,2026-10-17,21,2026-09-27T00:36:32.976844,True,False,False,0,0,0,0,0,0,DRY_RUN
65e1d561-b2ad-4112-89c3-3fc7faf1d64b,BOM-GOI,BOM,GOI,2026-10-26,30,2026-09-27T00:36:32.976880,True,False,False,0,0,0,0,0,0,DRY_RUN
65e1d561-b2ad-4112-89c3-3fc7faf1d64b,BOM-GOI,BOM,GOI,2026-11-10,45,2026-09-27T00:36:32.976910,True,False,False,0,0,0,0,0,0,DRY_RUN
65e1d561-b2ad-4112-89c3-3fc7faf1d64b,DEL-MAA,DEL,MAA,2026-09-27,1,2026-09-27T00:36:32.976953,True,False,False,0,0,0,0,0,0,DRY_RUN
65e1d561-b2ad-4112-89c3-3fc7faf1d64b,DEL-MAA,DEL,MAA,2026-10-03,7,2026-09-27T00:36:32.976986,True,False,False,0,0,0,0,0,0,DRY_RUN
65e1d561-b2ad-4112-89c3-3fc7faf1d64b,DEL-MAA,DEL,MAA,2026-10-11,15,2026-09-27T00:36:32.977016,True,False,False,0,0,0,0,0,0,DRY_RUN
65e1d561-b2ad-4112-89c3-3fc7faf1d64b,DEL-MAA,DEL,MAA,2026-10-17,21,2026-09-27T00:36:32.977046,True,False,False,0,0,0,0,0,0,DRY_RUN
65e1d561-b2ad-4112-89c3-3fc7faf1d64b,DEL-MAA,DEL,MAA,2026-10-26,30,2026-09-27T00:36:32.977076,True,False,False,0,0,0,0,0,0,DRY_RUN
65e1d561-b2ad-4112-89c3-3fc7faf1d64b,DEL-MAA,DEL,MAA,2026-11-10,45,2026-09-27T00:36:32.977109,True,False,False,0,0,0,0,0,0,DRY_RUN
65e1d561-b2ad-4112-89c3-3fc7faf1d64b,BOM-CCU,BOM,CCU,2026-09-27,1,2026-09-27T00:36:32.977164,True,False,False,0,0,0,0,0,0,DRY_RUN
65e1d561-b2ad-4112-89c3-3fc7faf1d64b,BOM-CCU,BOM,CCU,2026-10-03,7,2026-09-27T00:36:32.977201,True,False,False,0,0,0,0,0,0,DRY_RUN
65e1d561-b2ad-4112-89c3-3fc7faf1d64b,BOM-CCU,BOM,CCU,2026-10-11,15,2026-09-27T00:36:32.977236,True,False,False,0,0,0,0,0,0,DRY_RUN
65e1d561-b2ad-4112-89c3-3fc7faf1d64b,BOM-CCU,BOM,CCU,2026-10-17,21,2026-09-27T00:36:32.977269,True,False,False,0,0,0,0,0,0,DRY_RUN
65e1d561-b2ad-4112-89c3-3fc7faf1d64b,BOM-CCU,BOM,CCU,2026-10-26,30,2026-09-27T00:36:32.977304,True,False,False,0,0,0,0,0,0,DRY_RUN
65e1d561-b2ad-4112-89c3-3fc7faf1d64b,BOM-CCU,BOM,CCU,2026-11-10,45,2026-09-27T00:36:32.977335,True,False,False,0,0,0,0,0,0,DRY_RUN
65e1d561-b2ad-4112-89c3-3fc7faf1d64b,BLR-CCU,BLR,CCU,2026-09-27,1,2026-09-27T00:36:32.977370,True,False,False,0,0,0,0,0,0,DRY_RUN
65e1d561-b2ad-4112-89c3-3fc7faf1d64b,BLR-CCU,BLR,CCU,2026-10-03,7,2026-09-27T00:36:32.977534,True,False,False,0,0,0,0,0,0,DRY_RUN
65e1d561-b2ad-4112-89c3-3fc7faf1d64b,BLR-CCU,BLR,CCU,2026-10-11,15,2026-09-27T00:36:32.977596,True,False,False,0,0,0,0,0,0,DRY_RUN
65e1d561-b2ad-4112-89c3-3fc7faf1d64b,BLR-CCU,BLR,CCU,2026-10-17,21,2026-09-27T00:36:32.977636,True,False,False,0,0,0,0,0,0,DRY_RUN
65e1d561-b2ad-4112-89c3-3fc7faf1d64b,BLR-CCU,BLR,CCU,2026-10-26,30,2026-09-27T00:36:32.977678,True,False,False,0,0,0,0,0,0,DRY_RUN
65e1d561-b2ad-4112-89c3-3fc7faf1d64b,BLR-CCU,BLR,CCU,2026-11-10,45,2026-09-27T00:36:32.977727,True,False,False,0,0,0,0,0,0,DRY_RUN
