Rank,Route,Annual Passenger Volume,DGCA Share of All-India Traffic (%),APIx Basket Weight (%),APIx Basket Weight (Decimal)
1,DELHI - MUMBAI,6885053,4.2678%,7.484135%,0.07484135
2,BENGALURU - DELHI,4761622,2.9516%,5.175940%,0.05175940
3,BENGALURU - MUMBAI,4245720,2.6318%,4.615148%,0.04615148
4,DELHI - HYDERABAD,3280715,2.0336%,3.566176%,0.03566176
5,DELHI - PUNE,2906263,1.8015%,3.159143%,0.03159143
6,DELHI - KOLKATA,2757937,1.7096%,2.997911%,0.02997911
7,AHMEDABAD - DELHI,2489550,1.5432%,2.706171%,0.02706171
8,CHENNAI - DELHI,2424761,1.5030%,2.635744%,0.02635744
9,HYDERABAD - MUMBAI,2398298,1.4866%,2.606979%,0.02606979
10,DELHI - SRINAGAR,2393837,1.4839%,2.602129%,0.02602129
11,BENGALURU - KOLKATA,2335591,1.4478%,2.538815%,0.02538815
12,CHENNAI - MUMBAI,2253454,1.3968%,2.449531%,0.02449531
13,BENGALURU - HYDERABAD,2252334,1.3961%,2.448314%,0.02448314
14,AHMEDABAD - MUMBAI,2147823,1.3314%,2.334709%,0.02334709
15,KOLKATA - MUMBAI,2060343,1.2771%,2.239618%,0.02239618
16,BENGALURU - PUNE,1918477,1.1892%,2.085407%,0.02085407
17,DABOLIM - DELHI,1607773,0.9966%,1.747668%,0.01747668
18,CHENNAI - HYDERABAD,1549175,0.9603%,1.683972%,0.01683972
19,DELHI - GUWAHATI,1531881,0.9496%,1.665173%,0.01665173
20,BENGALURU - KOCHI,1500003,0.9298%,1.630521%,0.01630521
21,DELHI - LUCKNOW,1489748,0.9234%,1.619374%,0.01619374
22,DABOLIM - MUMBAI,1468167,0.9101%,1.595915%,0.01595915
23,BENGALURU - CHENNAI,1429039,0.8858%,1.553383%,0.01553383
24,DELHI - PATNA,1382171,0.8568%,1.502436%,0.01502436
25,JAIPUR - MUMBAI,1253605,0.7771%,1.362684%,0.01362684
26,AMRITSAR - DELHI,1238274,0.7676%,1.346019%,0.01346019
27,KOCHI - MUMBAI,1190089,0.7377%,1.293641%,0.01293641
28,HYDERABAD - KOLKATA,1159513,0.7187%,1.260405%,0.01260405
29,BHUBANESWAR - DELHI,1122572,0.6958%,1.220249%,0.01220249
30,BENGALURU - DABOLIM,1108857,0.6873%,1.205341%,0.01205341
31,GUWAHATI - KOLKATA,1088907,0.6750%,1.183655%,0.01183655
32,GOA - MUMBAI,1066649,0.6612%,1.159460%,0.01159460
33,BAGDOGRA - DELHI,1055632,0.6544%,1.147485%,0.01147485
34,DELHI - KOCHI,1013384,0.6282%,1.101561%,0.01101561
35,CHENNAI - KOLKATA,1009171,0.6256%,1.096981%,0.01096981
36,DELHI - GOA,949836,0.5888%,1.032483%,0.01032483
37,LUCKNOW - MUMBAI,931345,0.5773%,1.012383%,0.01012383
38,DELHI - RANCHI,927970,0.5752%,1.008714%,0.01008714
39,DABOLIM - HYDERABAD,921820,0.5714%,1.002029%,0.01002029
40,AHMEDABAD - BENGALURU,912648,0.5657%,0.992059%,0.00992059
41,DELHI - INDORE,900874,0.5584%,0.979261%,0.00979261
42,CHANDIGARH - DELHI,885092,0.5486%,0.962106%,0.00962106
43,DELHI - LEH,869332,0.5389%,0.944974%,0.00944974
44,CHENNAI - COIMBATORE,857020,0.5312%,0.931591%,0.00931591
45,BENGALURU - TRIVANDRUM,848434,0.5259%,0.922258%,0.00922258
46,HYDERABAD - VISAKHAPATNAM,839887,0.5206%,0.912967%,0.00912967
47,BENGALURU - BHUBANESWAR,825875,0.5119%,0.897736%,0.00897736
48,DELHI - VARANASI,801782,0.4970%,0.871547%,0.00871547
49,AGARTALA - KOLKATA,789865,0.4896%,0.858593%,0.00858593
50,DELHI - RAIPUR,772248,0.4787%,0.839443%,0.00839443
51,MUMBAI - VARANASI,750055,0.4649%,0.815319%,0.00815319
52,BENGALURU - VARANASI,749368,0.4645%,0.814572%,0.00814572
53,BENGALURU - GUWAHATI,746671,0.4628%,0.811640%,0.00811640
54,BENGALURU - LUCKNOW,737882,0.4574%,0.802087%,0.00802087
55,COIMBATORE - MUMBAI,720184,0.4464%,0.782849%,0.00782849
56,INDORE - MUMBAI,714065,0.4426%,0.776197%,0.00776197
57,BENGALURU - JAIPUR,704531,0.4367%,0.765834%,0.00765834
58,HYDERABAD - TIRUPATI,697530,0.4324%,0.758223%,0.00758223
59,HYDERABAD - KOCHI,688929,0.4270%,0.748874%,0.00748874
60,MUMBAI - NAGPUR,675676,0.4188%,0.734468%,0.00734468
