replacement_id,stratum_id,route,lead_time_class,base_product_id,base_flight_number,base_price_prev_inr,replacement_product_id,replacement_flight_number,raw_replacement_price_curr_inr,net_quality_adjustment_inr,adjusted_replacement_price_curr_inr,effective_price_relative,treatment_type,comparability_score,decision_rationale,recorded_at_utc
REP_50d68ac6_0db292b3,182b0e098dfd6528904c5429bfb4c63481db06350e2cfebcb47338213a248783,DEL-BOM,T+7,50d68ac6f657556cb22c57db3ce531a94755a13d914ba44db05e7b00632b54dc,6E-5014,6090.0,0db292b3ab260a5d5e1fd8083d5052daba95e2b5f5c281b9305f0a70f1fd0a13,IN-9901,6927.2,500.0,6427.2,1.055369,QUALITY_ADJUSTED_REPLACEMENT,0.86,Quality-adjusted replacement: comparability score 0.86 >= 0.70. Net adjustment of INR +500.00 applied to isolate pure price movement.,2026-09-27T11:00:25.865273+00:00
REP_9b82f485_6cb43ef7,08f7df756dd2d2326e1cb0528fee915e9d61eddc7cd7828840ea9a10c97c557c,DEL-BOM,T+21,9b82f48523f756591921180f83f26353c379e015905ca7fa43e50efa5af19217,SG- 802,6244.0,6cb43ef7813691917c4a775e7c86a6c8cb4995a100a1546b84fbd79cb40ec9bc,SP-9901,7093.52,0.0,7093.52,1.136054,QUALITY_ADJUSTED_REPLACEMENT,0.9,Quality-adjusted replacement: comparability score 0.90 >= 0.70. Net adjustment of INR +0.00 applied to isolate pure price movement.,2026-09-27T11:00:25.865313+00:00
REP_50d68ac6_0db292b3,182b0e098dfd6528904c5429bfb4c63481db06350e2cfebcb47338213a248783,DEL-BOM,T+7,50d68ac6f657556cb22c57db3ce531a94755a13d914ba44db05e7b00632b54dc,6E-5014,6090.0,0db292b3ab260a5d5e1fd8083d5052daba95e2b5f5c281b9305f0a70f1fd0a13,IN-9901,6927.2,500.0,6427.2,1.055369,QUALITY_ADJUSTED_REPLACEMENT,0.86,Quality-adjusted replacement: comparability score 0.86 >= 0.70. Net adjustment of INR +500.00 applied to isolate pure price movement.,2026-09-27T11:00:25.865349+00:00
REP_028dc061_0db292b3,e995e27bee6c0c550ffd60e963af258982d4d35fe8a0a44adaa4ad0ed96e2c03,DEL-BOM,T+7,028dc061920040a3df30e2b9e4676ce4bc9205f73ce8ee28ebe2378f0c172fd5,6E-5014,6339.0,0db292b3ab260a5d5e1fd8083d5052daba95e2b5f5c281b9305f0a70f1fd0a13,IN-9901,7196.12,500.0,6696.12,1.056337,QUALITY_ADJUSTED_REPLACEMENT,0.86,Quality-adjusted replacement: comparability score 0.86 >= 0.70. Net adjustment of INR +500.00 applied to isolate pure price movement.,2026-09-27T11:00:25.865378+00:00
REP_028dc061_0db292b3,e995e27bee6c0c550ffd60e963af258982d4d35fe8a0a44adaa4ad0ed96e2c03,DEL-BOM,T+7,028dc061920040a3df30e2b9e4676ce4bc9205f73ce8ee28ebe2378f0c172fd5,6E-5014,6565.0,0db292b3ab260a5d5e1fd8083d5052daba95e2b5f5c281b9305f0a70f1fd0a13,IN-9901,7440.2,500.0,6940.2,1.057152,QUALITY_ADJUSTED_REPLACEMENT,0.86,Quality-adjusted replacement: comparability score 0.86 >= 0.70. Net adjustment of INR +500.00 applied to isolate pure price movement.,2026-09-27T11:00:25.865406+00:00
REP_028dc061_0db292b3,e995e27bee6c0c550ffd60e963af258982d4d35fe8a0a44adaa4ad0ed96e2c03,DEL-BOM,T+7,028dc061920040a3df30e2b9e4676ce4bc9205f73ce8ee28ebe2378f0c172fd5,6E-5014,9240.0,0db292b3ab260a5d5e1fd8083d5052daba95e2b5f5c281b9305f0a70f1fd0a13,IN-9901,10329.2,500.0,9829.2,1.063766,QUALITY_ADJUSTED_REPLACEMENT,0.86,Quality-adjusted replacement: comparability score 0.86 >= 0.70. Net adjustment of INR +500.00 applied to isolate pure price movement.,2026-09-27T11:00:25.865431+00:00
REP_9b82f485_6cb43ef7,08f7df756dd2d2326e1cb0528fee915e9d61eddc7cd7828840ea9a10c97c557c,DEL-BOM,T+21,9b82f48523f756591921180f83f26353c379e015905ca7fa43e50efa5af19217,SG- 802,6244.0,6cb43ef7813691917c4a775e7c86a6c8cb4995a100a1546b84fbd79cb40ec9bc,SP-9901,7093.52,0.0,7093.52,1.136054,QUALITY_ADJUSTED_REPLACEMENT,0.9,Quality-adjusted replacement: comparability score 0.90 >= 0.70. Net adjustment of INR +0.00 applied to isolate pure price movement.,2026-09-27T11:00:25.865454+00:00
REP_26501bce_6cb43ef7,c82c08bc524f737e840fc5f4bac24218bdec6a290cf5adf761aeb0b452a03339,DEL-BOM,T+21,26501bce452906c99f9eafaf29f920ad534af2a12e1239fe47d060ec0f6d03cc,SG- 802,6493.0,6cb43ef7813691917c4a775e7c86a6c8cb4995a100a1546b84fbd79cb40ec9bc,SP-9901,7362.44,0.0,7362.44,1.133904,QUALITY_ADJUSTED_REPLACEMENT,0.9,Quality-adjusted replacement: comparability score 0.90 >= 0.70. Net adjustment of INR +0.00 applied to isolate pure price movement.,2026-09-27T11:00:25.865475+00:00
REP_26501bce_6cb43ef7,c82c08bc524f737e840fc5f4bac24218bdec6a290cf5adf761aeb0b452a03339,DEL-BOM,T+21,26501bce452906c99f9eafaf29f920ad534af2a12e1239fe47d060ec0f6d03cc,SG- 802,6761.0,6cb43ef7813691917c4a775e7c86a6c8cb4995a100a1546b84fbd79cb40ec9bc,SP-9901,7651.88,0.0,7651.88,1.131767,QUALITY_ADJUSTED_REPLACEMENT,0.9,Quality-adjusted replacement: comparability score 0.90 >= 0.70. Net adjustment of INR +0.00 applied to isolate pure price movement.,2026-09-27T11:00:25.865496+00:00
REP_26501bce_6cb43ef7,c82c08bc524f737e840fc5f4bac24218bdec6a290cf5adf761aeb0b452a03339,DEL-BOM,T+21,26501bce452906c99f9eafaf29f920ad534af2a12e1239fe47d060ec0f6d03cc,SG- 802,7653.0,6cb43ef7813691917c4a775e7c86a6c8cb4995a100a1546b84fbd79cb40ec9bc,SP-9901,8615.24,0.0,8615.24,1.125734,QUALITY_ADJUSTED_REPLACEMENT,0.9,Quality-adjusted replacement: comparability score 0.90 >= 0.70. Net adjustment of INR +0.00 applied to isolate pure price movement.,2026-09-27T11:00:25.865515+00:00
