stratum_id,route,lead_time_class,period,matched_count,eligible_count_prev,coverage_ratio,jevons_link,chained_index,direct_geometric_link,log_geometric_link,link_equality_delta,mean_price_prev,mean_price_curr,is_published
05853a0531357a87e5918e7b842e42b62e3aad85fd8c30c62c9b4d4e5d37666c,DEL-BOM,T+30,2026-09-27,2,2,1.0,1.024001,102.4001,1.024001,1.024001,3.97166725951692e-07,6661.5,6821.38,True
0647fc48d2add1993e22d4aa07c67b5a58ddf5a5dcee7b85c19d0fd4c5d6c149,DEL-BOM,T+21,2026-09-27,1,1,1.0,1.024001,102.4001,1.024001,1.024001,3.873487501859785e-07,6529.0,6685.7,True
067fbad5f1a3254fb04a85af104d6191814ab3c62b8862d8ba8f3a43a7465698,DEL-BOM,T+21,2026-09-27,3,3,1.0,1.024,102.4,1.024,1.024,8.519420680030976e-08,6582.67,6740.65,True
08f7df756dd2d2326e1cb0528fee915e9d61eddc7cd7828840ea9a10c97c557c,DEL-BOM,T+21,2026-09-27,7,6,0.8333,1.054837,105.4837,1.054837,1.054837,1.0611836231966265e-07,6518.14,6874.48,True
1275709034dfdd2a42fdec5c442528cb79b5a820c45d1c115eaf40b53b96f0e3,DEL-BOM,T+15,2026-09-27,1,1,1.0,1.024001,102.4001,1.024001,1.024001,3.873487501859785e-07,6529.0,6685.7,True
182b0e098dfd6528904c5429bfb4c63481db06350e2cfebcb47338213a248783,DEL-BOM,T+7,2026-09-27,3,2,0.5,1.044808,104.4808,1.044807,1.044808,1.9054017541542123e-07,6087.67,6361.13,True
1a0cbece598744257c8835c15209a7c9a970bee1fb55fc658acbb54a5b590002,DEL-BOM,T+1,2026-09-27,1,1,1.0,1.024,102.4,1.024,1.024,2.778935674907501e-07,7197.0,7369.73,True
1ebc86e5fb31f1dad84bebbf3ca62c8438ddc93a2d92a8f4eb734e565189b05c,DEL-BOM,T+1,2026-09-27,9,9,1.0,1.024,102.4,1.024,1.024,1.692586617529912e-07,6535.67,6692.52,True
2b882ee3f47dee102694bf073bf6fa2c198f0e9e149959286c6a68ab2d5da4b5,DEL-BOM,T+15,2026-09-27,1,1,1.0,1.024,102.4,1.024,1.024,3.015681542262172e-07,6632.0,6791.17,True
50a4f3770cefb41c3fba22acf1b227862d4f0325d511795e7c0c2bae036e4669,DEL-BOM,T+7,2026-09-27,1,1,1.0,1.024,102.4,1.024,1.024,1.1102230246251565e-15,6425.0,6579.2,True
5c6aca3ce45076737ede6e300fdb8d4a9d2852188e58573ef0197ff2f0c69b5a,DEL-BOM,T+45,2026-09-27,1,1,1.0,1.024,102.4,1.024,1.024,2.3345395172569283e-07,8567.0,8772.61,True
7347bafb79c3885c77a14cb2fa0d74edd8168f89b5f6c0cb1798fa5f853b191b,DEL-BOM,T+7,2026-09-27,1,1,1.0,1.024001,102.4001,1.024001,1.024001,3.821439600315557e-07,6474.0,6629.38,True
79e8b837cb193fd7362b3eb4595bbb5d290c29451ca2a0f250930871881ae030,DEL-BOM,T+30,2026-09-27,1,1,1.0,1.024,102.4,1.024,1.024,1.1102230246251565e-15,6790.0,6952.96,True
7ab03a0db53d222925a30fef65695d096449766736447fcfa1837ee1106ae654,DEL-BOM,T+7,2026-09-27,1,1,1.0,1.024,102.4,1.024,1.024,1.1102230246251565e-15,6090.0,6236.16,True
831fbd929b74f4f2239d068ff22ba59b7d77aa8d69dce663fcfaa69fee3c01fe,DEL-BOM,T+15,2026-09-27,2,2,1.0,1.024,102.4,1.024,1.024,1.1102230246251565e-15,6652.5,6812.16,True
90ac056e21dd2b0337e15d2429dae92012c43b64c4daf3d7c6c27bfd3833018b,DEL-BOM,T+21,2026-09-27,0,0,0.0,1.0,100.0,1.0,1.0,0.0,,,False
aaa3aa67e4264f93529d4ad4be7d361c2a7a5c6e30d5b7ee7c795d9406968dad,DEL-BOM,T+15,2026-09-27,1,1,1.0,1.024001,102.4001,1.024001,1.024001,3.873487501859785e-07,6529.0,6685.7,True
aebf29d49c2a0c384736c6ee86454bdc27d3ef01acb274e6bf71157b5f38465a,DEL-BOM,T+45,2026-09-27,7,7,1.0,1.024,102.4,1.024001,1.024,2.859520036313512e-07,7351.0,7527.43,True
bd4ecc256a6a9805162c8c02395db87fc2ce1bca25d85bc3a9ede07125496e87,DEL-BOM,T+15,2026-09-27,3,3,1.0,1.024,102.4,1.024,1.024,7.834196757983136e-08,6461.0,6616.07,True
c5c9f0cd3719b741187178a7ac562833c22f7dbd9d2261f606629f4ffbca2304,DEL-BOM,T+30,2026-09-27,1,1,1.0,1.024,102.4,1.024,1.024,3.130870391832019e-07,6388.0,6541.31,True
d7bdf1e38206458180e52318e5e31e200a5445e4a9191303d9fdc25a9ce0d659,DEL-BOM,T+7,2026-09-27,0,0,0.0,1.0,100.0,1.0,1.0,0.0,,,False
e2861391027058e702270aed729214124d909da5eed22c601ee55d35c084ce93,DEL-BOM,T+30,2026-09-27,2,2,1.0,1.024,102.4,1.024,1.024,1.1102230246251565e-15,6790.0,6952.96,True
ea4035838cf348756666896f55d6cda7befab0a10563d2860e7c09252666a1d5,DEL-BOM,T+7,2026-09-27,4,4,1.0,1.024,102.4,1.024,1.024,8.219629377137494e-08,6088.25,6234.37,True
f3b1ac909d7f3197024a6fe1edf6ec0d0644590b428be4048926647c6870d038,DEL-BOM,T+30,2026-09-27,4,4,1.0,1.024,102.4,1.024,1.024,1.357037875404643e-07,6677.75,6838.01,True
